{"cameraMode":{"drawMode":0,"name":"Shaded","section":"Shading Mode"},"sceneLighting":true,"audioPlay":false,"sceneViewState":{"showFog":true,"showMaterialUpdate":false,"showSkybox":true,"showFlares":true,"showImageEffects":true,"showParticleSystems":true},"in2DMode":false,"pivot":{"x":-0.9683576226234436,"y":2.727757692337036,"z":1.062842607498169},"rotation":{"x":-0.20599451661109925,"y":0.3140760064125061,"z":-0.06999537348747254,"w":-0.924160361289978},"size":7.54146671295166,"orthographic":false}