{"cameraMode":{"drawMode":0,"name":"Shaded","section":"Shading Mode"},"sceneLighting":true,"audioPlay":false,"sceneViewState":{"showFog":true,"showMaterialUpdate":false,"showSkybox":true,"showFlares":true,"showImageEffects":true,"showParticleSystems":true},"in2DMode":false,"pivot":{"x":-19.630165100097658,"y":44.6325569152832,"z":-32.387977600097659},"rotation":{"x":-0.31577053666114809,"y":-0.5616244077682495,"z":-0.2447696179151535,"w":0.7245473861694336},"size":6.231903076171875,"orthographic":false}