{"cameraMode":{"drawMode":0,"name":"Shaded","section":"Shading Mode"},"sceneLighting":false,"audioPlay":false,"sceneViewState":{"m_AlwaysRefresh":false,"showFog":false,"showSkybox":false,"showFlares":false,"showImageEffects":false,"showParticleSystems":false,"showVisualEffectGraphs":true,"m_FxEnabled":true},"in2DMode":false,"pivot":{"x":0.1549340784549713,"y":0.379882276058197,"z":-1.6598765850067139},"rotation":{"x":0.008255146443843842,"y":-0.9837896823883057,"z":0.17292965948581696,"w":0.046956222504377368},"size":1.8016607761383057,"orthographic":false}