{"cameraMode":{"drawMode":0,"name":"Shaded","section":"Shading Mode"},"sceneLighting":false,"audioPlay":false,"sceneViewState":{"m_AlwaysRefresh":false,"showFog":true,"showSkybox":false,"showFlares":true,"showImageEffects":true,"showParticleSystems":true,"showVisualEffectGraphs":true,"m_FxEnabled":true},"in2DMode":false,"pivot":{"x":7.329758167266846,"y":2.0471837520599367,"z":13.138047218322754},"rotation":{"x":0.026342174038290979,"y":0.9596753716468811,"z":-0.09619012475013733,"w":0.2628064453601837},"size":3.3227760791778566,"orthographic":false}