{"cameraMode":{"drawMode":0,"name":"Shaded","section":"Shading Mode"},"sceneLighting":false,"audioPlay":false,"sceneViewState":{"m_AlwaysRefresh":false,"showFog":true,"showSkybox":false,"showFlares":true,"showImageEffects":true,"showParticleSystems":true,"showVisualEffectGraphs":true,"m_FxEnabled":true},"in2DMode":false,"pivot":{"x":-7.622786045074463,"y":2.6550345420837404,"z":12.42677116394043},"rotation":{"x":0.030886929482221605,"y":0.019490867853164674,"z":-0.0006030696677044034,"w":0.9993323683738709},"size":4.962620258331299,"orthographic":false}