{"cameraMode":{"drawMode":0,"name":"Shaded","section":"Shading Mode"},"sceneLighting":false,"audioPlay":false,"sceneViewState":{"m_AlwaysRefresh":false,"showFog":true,"showSkybox":false,"showFlares":true,"showImageEffects":true,"showParticleSystems":true,"showVisualEffectGraphs":true,"m_FxEnabled":true},"in2DMode":false,"pivot":{"x":0.2579282522201538,"y":0.8950577974319458,"z":12.859758377075196},"rotation":{"x":0.02489153854548931,"y":0.017994610592722894,"z":-0.0004538060165941715,"w":0.9995296597480774},"size":2.6284780502319338,"orthographic":false}