{"cameraMode":{"drawMode":0,"name":"Shaded","section":"Shading Mode"},"sceneLighting":true,"audioPlay":false,"sceneViewState":{"m_AlwaysRefresh":false,"showFog":true,"showSkybox":true,"showFlares":true,"showImageEffects":true,"showParticleSystems":true,"showVisualEffectGraphs":true,"m_FxEnabled":true},"in2DMode":false,"pivot":{"x":8.76664924621582,"y":5.625053882598877,"z":-7.023624897003174},"rotation":{"x":0.22192908823490144,"y":0.011128845624625683,"z":-0.002532561309635639,"w":0.9749937057495117},"size":2.8101649284362795,"orthographic":false}