{"cameraMode":{"drawMode":0,"name":"Shaded","section":"Shading Mode"},"sceneLighting":false,"audioPlay":false,"sceneViewState":{"m_AlwaysRefresh":false,"showFog":true,"showSkybox":false,"showFlares":true,"showImageEffects":true,"showParticleSystems":true,"showVisualEffectGraphs":true,"m_FxEnabled":true},"in2DMode":false,"pivot":{"x":-4.424343585968018,"y":22.905113220214845,"z":0.19298303127288819},"rotation":{"x":-0.0891445204615593,"y":-0.05466190725564957,"z":0.004896210040897131,"w":-0.9945065975189209},"size":0.866025447845459,"orthographic":false}