{"cameraMode":{"drawMode":0,"name":"Shaded","section":"Shading Mode"},"sceneLighting":false,"audioPlay":false,"sceneViewState":{"m_AlwaysRefresh":false,"showFog":false,"showSkybox":false,"showFlares":false,"showImageEffects":false,"showParticleSystems":false,"showVisualEffectGraphs":true,"m_FxEnabled":true},"in2DMode":false,"pivot":{"x":1.1920928955078126e-7,"y":0.8423442244529724,"z":0.027632981538772584},"rotation":{"x":0.01278665941208601,"y":-0.9770452380180359,"z":0.20365914702415467,"w":0.06133466958999634},"size":1.123968243598938,"orthographic":false}